city,latitude,longitude,temperature,humidity,pressure,wind_speed,aer,co,dem,lulc,ndvi,nightlights,no2,pop,so2,year,month,day,aqi,aqi_category,pm2.5,pm10
delhi,28.612498,77.237388,30.05,51,1007,2.57,0.6139964656712821,0.0385623084936942,214,50,0.13294652,110.7675,0.0001655716540511,16.737604,0.0001441911188439,2026,5,11,102.0,Poor,102,78
mumbai,19.0863,72.8888,30.99,62,1006,0.0,0.4835931912595262,0.0390930452811051,10,50,0.08548089,50.0925,0.0001085077508819,335.4197,2.533138309163883e-05,2026,5,11,137.0,Poor,137,80
bangalore,12.938539,77.5901,24.12,81,1010,7.6,0.1448888426518405,0.0370250664074788,916,10,0.17327331,46.79,0.000128090797911,218.16936,1.264128631486746e-05,2026,5,11,79.0,Moderate,79,42
chennai,13.1036,80.2909,28.89,82,1007,1.03,0.1277606523049602,0.0400313846984054,8,50,0.118818715,55.395,7.570007817401946e-05,252.33333,3.06954011863705e-08,2026,5,11,19.0,Good,19,17
kolkata,22.5367507,88.3638022,24.97,94,1008,2.57,0.336352403559225,0.0460670317621438,10,10,0.113119654,81.49,0.0001114578729654,186.4969,1.371573791080666e-05,2026,5,11,80.0,Moderate,80,46
hyderabad,17.417094,78.457437,26.73,83,1007,3.09,0.452490898625408,0.0438690102405925,538,50,0.11121321,52.57,0.0001386164690141,191.00061,-5.612035485870916e-06,2026,5,11,123.0,Poor,123,65
pune,18.529603,73.849586,31.34,24,1007,2.8,0.4467812574531299,0.0382074767428748,561,10,0.13889636,43.965,0.000106953905902,379.78485,4.943064303518467e-05,2026,5,11,232.0,Severe,232,138
ahmedabad,23.002657,72.591912,34.02,16,1004,4.12,1.090432208141372,0.0350738459076704,50,50,0.07590129,39.115,0.0001347169201249,404.6196,0.0001508951760152,2026,5,11,148.0,Poor,148,103
lucknow,26.8821003,80.9302753,27.99,61,1006,2.57,0.7512498325217271,0.0380311083958025,119,50,0.091349676,44.9125,0.0001003837760099,105.815926,-1.831239098497503e-05,2026,5,11,160.0,Severe,160,96
kanpur,26.428282,80.327067,31.16,34,1006,3.24,0.90434244663002,0.0370378039970974,132,50,0.13147882,54.64,0.0001249059419479,169.05975,4.13684204171476e-05,2026,5,11,132.0,Poor,132,67
agra,27.19865833,78.00598056,32.08,28,1005,2.94,0.7648864715636046,0.0368805777231033,171,50,0.116783164,60.2575,0.0001120506833148,118.75513,0.0001033711807209,2026,5,11,100.0,Moderate,100,63
varanasi,25.32393,82.99687,28.05,57,1006,2.57,0.7150938755041177,0.0405018162495407,82,50,0.07318244,74.295,0.0001108503374692,162.22943,-7.042219079954376e-06,2026,5,11,99.0,Moderate,99,57
meerut,29.06351,77.709723,30.27,38,1006,2.91,0.5259976380335879,0.036315234497443,232,50,0.12236565,28.3,0.0001170967959956,64.34978,9.864756068714254e-05,2026,5,11,159.0,Severe,157,159
bareilly,28.38910936,79.42963708,29.9,38,1006,2.88,0.6646479140725612,0.0374747001913605,177,50,0.058170177,60.615,0.0001026692866154,152.07889,-2.748079110391223e-05,2026,5,11,63.0,Moderate,63,48
dehradun,30.269444,78.044167,23.63,55,1009,2.37,0.0938921537246939,0.0331455599108416,601,50,0.13208616,23.435001,8.561698470435813e-05,42.06095,3.643166517531205e-05,2026,5,11,109.0,Poor,109,53
chandigarh,30.735567,76.775714,27.76,41,1007,2.55,0.3513840541644981,0.033869290003942,345,50,0.13208206,46.7075,0.0001018270099513,70.25936,3.692637206842545e-05,2026,5,11,79.0,Moderate,79,43
gurgaon,28.4501238,77.0263051,30.02,51,1007,2.57,0.8694393074340963,0.0370197803342184,227,10,0.14929855,39.9775,0.0001452676587741,39.56176,6.767799646794245e-06,2026,5,11,154.0,Severe,154,80
noida,28.5447608,77.3231257,30.16,43,1007,2.34,0.6816922073565437,0.0386670524995427,201,50,0.14901462,56.285,0.0001716443342848,51.36222,0.0001087938204941,2026,5,11,130.0,Poor,130,96
faridabad,28.376058,77.315741,30.14,43,1006,2.37,0.7819845796142152,0.0381805403034242,202,50,0.097886294,49.935,0.0001543106466783,30.036203,0.0001212629205254,2026,5,11,162.0,Severe,162,101
ghaziabad,28.685382,77.453839,31.16,41,1006,2.14,0.6918941540350153,0.0386532899242915,218,10,0.15843762,51.239998,0.0001522082538583,111.70168,6.273728609331923e-05,2026,5,11,150.0,Poor,150,84
jodhpur,26.268249,73.0193853,34.12,18,1004,5.36,1.099462154913829,0.0318793171993038,231,50,0.10233541,58.575,9.01074384371114e-05,75.15533,1.768643125320447e-05,2026,5,11,151.0,Severe,151,86
jaipur,26.9164092,75.7994901,30.62,37,1005,6.17,0.8965615155205819,0.0333023947414358,442,50,0.09217382,59.26,0.0001071437297377,119.49841,8.787843516813875e-05,2026,5,11,157.0,Severe,157,78
udaipur,24.5886166,73.6321397,27.5,19,1006,0.06,0.4204916878283321,0.0306969536625536,635,10,0.16438054,5.61,7.180774733048512e-05,3.6198368,-1.164772140376969e-05,2026,5,11,152.0,Severe,152,94
kota,25.14389,75.821256,33.45,21,1004,2.8,0.8818456205081173,0.0343374486825404,292,50,0.15306447,24.855,0.0001359744277442,60.777298,6.183779405250434e-05,2026,5,11,151.0,Severe,151,77
bhopal,23.233584,77.400574,30.13,25,1006,4.12,0.4880276050145533,0.0352395952793242,534,50,0.100725524,58.747498,8.250714756284556e-05,133.00049,-6.046459959024411e-06,2026,5,11,153.0,Severe,153,104
gwalior,26.203442,78.193251,31.69,28,1005,3.4,0.6830254404323483,0.0356037989710745,213,50,0.13655138,32.55,9.152999148024422e-05,87.08446,-3.539469776483076e-05,2026,5,11,75.0,Moderate,75,58
jabalpur,23.168606,79.932247,30.51,29,1006,2.55,0.5403127728053767,0.0388684818738637,401,50,0.092304364,59.7425,8.16044461232685e-05,186.90157,2.105621654997691e-05,2026,5,11,160.0,Severe,160,127
nagpur,21.152875,79.0517531,30.01,48,1004,1.03,0.5927846737203957,0.0415791845830944,320,10,0.17854808,20.39,0.000152075606339,102.04472,0.0001965750152463,2026,5,11,152.0,Severe,152,78
raipur,30.269444,78.044167,29.08,51,1005,3.09,0.0938921537246939,0.0331455599108416,601,50,0.13208616,23.435001,8.561698470435813e-05,42.06095,3.643166517531205e-05,2026,5,11,109.0,Poor,109,53
patna,25.6103665,85.1327137,26.96,65,1007,3.6,0.6210271996011948,0.0410121595857197,57,50,0.10523254,95.6175,0.0001087918461079,209.16652,3.283370166180428e-05,2026,5,11,65.0,Moderate,65,59
asansol,23.685297,86.945968,27.54,61,1008,4.18,0.2820203458283064,0.0509137492005017,129,10,0.12942553,35.997498,0.000149662745411,288.41058,0.0001793364210339,2026,5,11,75.0,Moderate,75,48
durgapur,23.5404352,87.2892225,27.16,66,1008,3.19,0.2795536032920439,0.049660184141553,90,50,0.087073795,32.28,0.0002153675208168,16.458508,0.0001705920469725,2026,5,11,85.0,Moderate,85,46
nashik,20.0073285,73.7762427,30.89,24,1007,2.78,0.4935786491739323,0.036612867947212,572,50,0.155723,26.2025,8.773848701469057e-05,129.11194,-9.487133016658817e-06,2026,5,11,90.0,Moderate,90,74
aurangabad,24.75746,84.366208,32.59,16,1005,1.89,0.5467797699329675,0.0423265713983936,114,50,0.14008497,34.567497,0.0001126745401325,55.38685,2.417950274192774e-05,2026,5,11,30.0,Good,30,19
thane,19.175,72.9419,30.95,62,1006,0.0,0.2839110507195679,0.0384969508217648,38,10,0.17379974,33.63,0.0001001739233612,299.32138,5.693936059578953e-06,2026,5,11,42.0,Good,42,60
navi mumbai,19.008751,73.01662,30.97,62,1006,0.0,0.462201414069369,0.0386765149193654,5,50,0.10590776,29.4825,0.0001340130988549,49.23047,4.821071136680042e-05,2026,5,11,151.0,Severe,151,82
gandhinagar,23.243639,72.68994,33.99,16,1004,4.12,0.6589980495961419,0.0348098357873955,78,10,0.19774714,16.6475,0.0001022835674884,20.978935,-4.477528819838806e-06,2026,5,11,100.0,Moderate,100,90
kochi,33.5489621,133.5987948,27.99,82,1008,0.34,0.0,0.0,0,0,0.0,0.0,0.0,0.0,0.0,2026,5,11,34.0,Good,34,10
trivandrum,8.5149093,76.9435879,27.99,83,1007,0.51,-0.3255149960946081,0.0343846254962186,20,50,0.14467874,18.2075,6.253320532496377e-05,57.64729,8.92021472927819e-06,2026,5,11,21.0,Good,21,12
coimbatore,10.942451,76.978996,26.88,83,1008,1.03,0.0119351882531343,0.0365827221381479,388,50,0.097752586,16.8825,8.573622743669173e-05,83.73909,6.093508511319624e-05,2026,5,11,163.0,Severe,163,28
salem,44.943114,-123.005934,26.89,79,1008,1.08,0.0,0.0,0,0,0.0,0.0,0.0,0.0,0.0,2026,5,11,12.0,Good,12,59
mangalore,12.88925,74.853,27.48,89,1008,0.0,-0.0883230489157069,0.0404929122935199,65,10,0.19675262,17.8725,6.511719074438766e-05,59.409332,1.479229692346943e-05,2026,5,11,31.0,Good,85,31
belgaum,15.888653,74.541751,24.62,69,1009,2.01,-0.0280898266814323,0.0363165533036245,793,50,0.17039886,19.625,7.160983246264753e-05,46.759872,-1.736956080670962e-05,2026,5,11,81.0,Moderate,81,52
rajahmundry,16.9872867,81.7363176,27.94,76,1008,3.73,0.1120590239938478,0.0428944530519346,19,10,0.27527323,1.655,7.090065176943019e-05,11.085609,-5.600117578713224e-06,2026,5,11,25.0,Good,25,18
amritsar,31.62,74.876512,22.97,73,1005,10.8,0.4538832939754142,0.0369994516760922,235,50,0.07994295,80.46,0.0001134910643152,212.58554,1.933040173633058e-05,2026,5,11,103.0,Poor,103,67
ludhiana,30.9028,75.8086,30.23,34,1006,2.98,0.6344187187184924,0.0350985175261631,249,50,0.12634832,19.6375,0.0001255541136854,12.264917,5.664672627607349e-05,2026,5,11,101.0,Poor,101,59
jalandhar,31.321907,75.578914,30.46,32,1006,3.03,0.5085179321775355,0.035737118635849,241,50,0.114685096,50.0275,0.0001147034373404,35.89806,9.046502070457344e-05,2026,5,11,161.0,Severe,161,84
patiala,30.349388,76.366642,29.65,36,1006,2.89,0.4615582485753261,0.0350909837599414,257,10,0.15603702,31.0325,0.0001152748430986,84.78377,3.029784852641484e-05,2026,5,11,92.0,Moderate,92,74
manali,13.164544,80.26285,28.94,81,1007,0.45,0.1376271172053626,0.0398158677835065,8,50,0.12141837,34.5575,8.635928865740147e-05,100.44121,1.730396597408956e-05,2026,5,11,45.0,Good,45,15
srinagar,34.066206,74.81982,16.6,65,1014,1.93,-0.5753374685035281,0.0265200067578803,1587,40,0.057126697,48.3275,7.57069364366428e-05,3.8395312,-2.915933863310081e-05,2026,5,11,58.0,Moderate,58,40
ajmer,26.470859,74.646594,31.22,19,1005,2.2,0.7436409177845005,0.0315927835048171,486,50,0.17146862,41.620003,9.528202637174176e-05,45.025978,5.007681218902758e-05,2026,5,11,148.0,Poor,148,65
pondicherry,11.9309,79.8027,28.25,78,1007,3.68,0.0364028571110016,0.0378677222148844,11,50,0.13925445,29.210001,6.659027962481295e-05,173.14043,0.0001083463038225,2026,5,11,17.0,Good,9,17
shimoga,13.94,75.555917,25.08,81,1009,2.04,0.0216994986778462,0.0368140129942829,597,50,0.14970568,18.61,6.669460840748167e-05,45.08287,-1.528056513672548e-05,2026,5,11,57.0,Moderate,57,34
hassan,13.008556,76.125258,25.04,54,1009,2.64,-0.1401938916315994,0.0351769932697502,960,50,0.14857066,28.1775,7.245706605870662e-05,11.673138,4.601966444310315e-05,2026,5,11,0.0,Good,824,880
chikmagalur,13.328028,75.797056,24.01,60,1010,0.25,-0.2344098507737932,0.0332556592520038,1034,50,0.14204665,13.782499,6.519113461547973e-05,11.592813,-4.937382494804793e-05,2026,5,11,33.0,Good,21,33
thoothukudi,8.816428,78.099039,28.59,76,1007,2.34,-0.1300148062058065,0.0346789154096684,13,10,0.19135335,6.2825,0.0001235840596474,14.1863785,0.0001124516065531,2026,5,11,57.0,Moderate,100,57
dindigul,10.358535,77.984321,25.97,83,1008,0.21,-0.0280572108230756,0.0348615613127272,290,50,0.12902385,21.9625,7.282099651646674e-05,45.413914,-1.109387598448032e-05,2026,5,11,25.0,Good,100,25
tiruppur,11.0973603,77.3228673,27.55,73,1008,1.51,0.1265778827660691,0.039608542805181,300,50,0.11758063,15.6275,9.10630788999678e-05,51.042465,2.543945805339629e-05,2026,5,11,116.0,Poor,116,59
ramanathapuram,9.36399,78.831977,28.53,73,1007,2.27,0.0741392076173815,0.0334506156110815,10,50,0.11567819,24.225,5.718527803594787e-05,50.720528,-3.070400256527547e-05,2026,5,11,880.0,Severe,100,880
thrissur,10.5324,76.2159,25.8,91,1008,0.69,-0.1293851529115295,0.0373065292005351,13,50,0.13925551,16.98,6.991443032276188e-05,43.51655,2.74847214622453e-06,2026,5,11,87.0,Moderate,87,58
kollam,8.8787,76.6073,27.38,82,1008,0.96,-0.3424290100401035,0.0356342880972111,20,50,0.1856386,19.5875,6.087895486295946e-05,89.75559,-3.178149869865558e-05,2026,5,11,85.0,Moderate,85,61
kannur,11.875,75.3732,27.59,81,1007,1.67,-0.1606534249670113,0.0384716642762587,23,50,0.1533634,15.4,6.105937027734488e-05,80.30876,1.905421712595092e-05,2026,5,11,55.0,Moderate,55,50
tirupati,13.67,79.35,24.76,76,1008,1.49,-0.0990832541022918,0.0381582270701964,907,10,0.21824275,19.7825,7.475202358805285e-05,17.859211,-3.988386712090715e-05,2026,5,11,58.0,Moderate,58,23
anantapur,14.675886,77.593027,30.17,47,1007,5.26,0.3309991781489273,0.0408013414922728,353,50,0.1437793,22.5025,8.16916162084425e-05,171.53455,3.219842114629976e-05,2026,5,11,6.0,Good,116,56
